ID,Display Name,Category,Sub-Category,Primary Link,Secondary Link,Author Name,Author Link,Active,Date Added,Last Modified,Last Checked,License,Description
wf-8376d518,Blogging Platform Instructions,Workflows & Knowledge Guides,,https://github.com/cloudartisan/cloudartisan.github.io/tree/main/.claude/commands,,cloudartisan,https://github.com/cloudartisan,TRUE,2025-07-29,,2025-07-29:18-37-05,CC-BY-SA-4.0,"Provides a well-structured set of commands for publishing and maintaining a blogging platform, including commands for creating posts, managing categories, and handling media files."
wf-935cc6ae,ClaudeLog,Workflows & Knowledge Guides,,https://claudelog.com,,InventorBlack,https://www.reddit.com/user/inventor_black/,TRUE,,,2025-07-29:18-37-05,NOT_FOUND,"A comprehensive knowledge base with detailed breakdowns of advanced [mechanics](https://claudelog.com/mechanics/you-are-the-main-thread/) including [CLAUDE.md best practices](https://claudelog.com/mechanics/claude-md-supremacy), practical technique guides like [plan mode](https://claudelog.com/mechanics/plan-mode), [ultrathink](https://claudelog.com/faqs/what-is-ultrathink/), [sub-agents](https://claudelog.com/mechanics/task-agent-tools/), [agent-first design](https://claudelog.com/mechanics/agent-first-design/) and [configuration guides](https://claudelog.com/configuration)."
wf-b98b3b2d,Context Priming,Workflows & Knowledge Guides,,https://github.com/disler/just-prompt/tree/main/.claude/commands,,disler,https://github.com/disler,TRUE,,,2025-07-29:18-37-05,NOT_FOUND,Provides a systematic approach to priming Claude Code with comprehensive project context through specialized commands for different project scenarios and development contexts.
wf-43a18fc2,n8n_agent,Workflows & Knowledge Guides,,https://github.com/kingler/n8n_agent/tree/main/.claude/commands,,kingler,https://github.com/kingler,TRUE,,,2025-07-29:18-37-06,NOT_FOUND,"Amazing comprehensive set of comments for code analysis, QA, design, documentation, project structure, project management, optimization, and many more."
wf-1fddaad0,Project Bootstrapping and Task Management,Workflows & Knowledge Guides,,https://github.com/steadycursor/steadystart/tree/main/.claude/commands,,steadycursor,https://github.com/steadycursor,TRUE,,,2025-07-29:18-37-06,NOT_FOUND,"Provides a structured set of commands for bootstrapping and managing a new project, including meta-commands for creating and editing custom slash-commands."
wf-bdb46cd1,"Project Management, Implementation, Planning, and Release",Workflows & Knowledge Guides,,https://github.com/scopecraft/command/tree/main/.claude/commands,,scopecraft,https://github.com/scopecraft,TRUE,,,2025-07-29:18-37-06,NOT_FOUND,Really comprehensive set of commands for all aspects of SDLC.
wf-42a8d5a5,Project Workflow System,Workflows & Knowledge Guides,,https://github.com/harperreed/dotfiles/tree/master/.claude/commands,,harperreed,https://github.com/harperreed,TRUE,2025-07-29,,2025-07-29:18-37-07,NOT_FOUND,"A set of commands that provide a comprehensive workflow system for managing projects, including task management, code review, and deployment processes."
wf-eee9a073,Shipping Real Code w/ Claude,Workflows & Knowledge Guides,,https://diwank.space/field-notes-from-shipping-real-code-with-claude,,Diwank,https://github.com/creatorrr,TRUE,,,2025-07-29:18-37-07,NOT_FOUND,"A detailed blog post explaining the author's process for shipping a product with Claude Code, including CLAUDE.md files and other interesting resources."
wf-b4fe16fa,Simone,Workflows & Knowledge Guides,,https://github.com/Helmi/claude-simone,,Helmi,https://github.com/Helmi,TRUE,2025-07-29,2025-07-10:18-53-27,2025-07-29:18-37-08,MIT,"A broader project management workflow for Claude Code that encompasses not just a set of commands, but a system of documents, guidelines, and processes to facilitate project planning and execution."
wf-b6f047e2,Slash-commands megalist,Workflows & Knowledge Guides,,https://github.com/wcygan/dotfiles/tree/d8ab6b9f5a7a81007b7f5fa3025d4f83ce12cc02/claude/commands,,wcygan,https://github.com/wcygan,TRUE,2025-07-29,,2025-07-29:18-37-08,NOT_FOUND,"A pretty stunning list (88 at the time of this post!) of slash-commands ranging from agent orchestration, code review, project management, security, documentation, self-assessment, almost anything you can dream of."
tool-984936a7,Claude Code Chat,Tooling,IDE Integrations,https://marketplace.visualstudio.com/items?itemName=AndrePimenta.claude-code-chat,,andrepimenta,https://github.com/andrepimenta,TRUE,,,2025-07-18:02-03-39,&copy;,An elegant and user-friendly Claude Code chat interface for VS Code.
tool-941ef941,claude-code.el,Tooling,IDE Integrations,https://github.com/stevemolitor/claude-code.el,,stevemolitor,https://github.com/stevemolitor,TRUE,2025-07-29,2025-07-08:13-59-24,2025-07-29:18-37-08,Apache-2.0,An Emacs interface for Claude Code CLI.
tool-0607ef06,claude-code.nvim,Tooling,IDE Integrations,https://github.com/greggh/claude-code.nvim,,greggh,https://github.com/greggh,TRUE,2025-07-29,2025-07-02:19-40-30,2025-07-29:18-37-09,MIT,A seamless integration between Claude Code AI assistant and Neovim.
tool-1c31f36c,crystal,Tooling,IDE Integrations,https://github.com/stravu/crystal,,stravu,https://github.com/stravu,TRUE,2025-07-29,2025-07-11:18-53-26,2025-07-29:18-37-10,MIT,"A full-fledged desktop application for orchestrating, monitoring, and interacting with Claude Code agents."
tool-631dbe0f,CC Usage,Tooling,,https://github.com/ryoppippi/ccusage,,ryoppippi,https://github.com/ryoppippi,TRUE,2025-07-29,2025-07-11:17-41-42,2025-07-29:18-37-11,MIT,"Handy CLI tool for managing and analyzing Claude Code usage, based on analyzing local Claude Code logs. Presents a nice dashboard regarding cost information, token consumption, etc."
tool-b7bb841e,ccexp,Tooling,,https://github.com/nyatinte/ccexp,https://www.npmjs.com/package/ccexp,nyatinte,https://github.com/nyatinte,TRUE,2025-07-29,,2025-07-29:18-37-11,MIT,Interactive CLI tool for discovering and managing Claude Code configuration files and slash commands with a beautiful terminal UI.
tool-3b3bedca,Claude Code Flow,Tooling,,https://github.com/ruvnet/claude-code-flow,,ruvnet,https://github.com/ruvnet,TRUE,2025-07-29,2025-07-10:05-56-05,2025-07-29:18-37-12,MIT,"This mode serves as a code-first orchestration layer, enabling Claude to write, edit, test, and optimize code autonomously across recursive agent cycles."
tool-ca599740,Claude Code Usage Monitor,Tooling,,https://github.com/Maciek-roboblog/Claude-Code-Usage-Monitor,,Maciek-roboblog,https://github.com/Maciek-roboblog,TRUE,2025-07-29,,2025-07-29:18-37-13,MIT,"A real-time terminal-based tool for monitoring Claude Code token usage. It shows live token consumption, burn rate, and predictions for token depletion. Features include visual progress bars, session-aware analytics, and support for multiple subscription plans."
tool-552cdcdf,Claude Composer,Tooling,,https://github.com/possibilities/claude-composer,,Mike Bannister,https://github.com/possibilities,TRUE,2025-07-29,2025-07-10:00-27-19,2025-07-29:18-37-14,Unlicense,A tool that adds small enhancements to Claude Code.
tool-ca25af98,Claude Hub,Tooling,,https://github.com/claude-did-this/claude-hub,,Claude Did This,https://github.com/claude-did-this,TRUE,2025-07-29,2025-06-20:16-16-08,2025-07-29:18-37-14,NOT_FOUND,"A webhook service that connects Claude Code to GitHub repositories, enabling AI-powered code assistance directly through pull requests and issues. This integration allows Claude to analyze repositories, answer technical questions, and help developers understand and improve their codebase through simple @mentions."
tool-5d0685f2,Claude Squad,Tooling,,https://github.com/smtg-ai/claude-squad,,smtg-ai,https://github.com/smtg-ai,TRUE,2025-07-29,2025-07-08:04-29-10,2025-07-29:18-37-15,AGPL-3.0,"Claude Squad is a terminal app that manages multiple Claude Code, Codex (and other local agents including Aider) in separate workspaces, allowing you to work on multiple tasks simultaneously."
tool-1af2fe4c,Claude Swarm,Tooling,,https://github.com/parruda/claude-swarm,,parruda,https://github.com/parruda,TRUE,2025-07-29,2025-07-11:03-04-27,2025-07-29:18-37-16,MIT,Launch Claude Code session that is connected to a swarm of Claude Code Agents.
tool-a1e3d643,Claude Task Master,Tooling,,https://github.com/eyaltoledano/claude-task-master,,eyaltoledano,https://github.com/eyaltoledano,TRUE,2025-07-29,2025-07-05:05-18-20,2025-07-29:18-37-16,NOASSERTION,"A task management system for AI-driven development with Claude, designed to work seamlessly with Cursor AI."
tool-f81477b3,Claude Task Runner,Tooling,,https://github.com/grahama1970/claude-task-runner,,grahama1970,https://github.com/grahama1970,TRUE,2025-07-29,2025-05-13:23-08-49,2025-07-29:18-37-17,NOT_FOUND,"A specialized tool to manage context isolation and focused task execution with Claude Code, solving the critical challenge of context length limitations and task focus when working with Claude on complex, multi-step projects."
tool-af235370,Container Use,Tooling,,https://github.com/dagger/container-use,,dagger,https://github.com/dagger,TRUE,2025-07-29,2025-07-10:21-53-40,2025-07-29:18-37-18,Apache-2.0,Development environments for coding agents. Enable multiple agents to work safely and independently with your preferred stack.
