ID,Display Name,Category,Sub-Category,Link,Author Name,Author Link,Active,Date Added,Last Checked,Description,Stale
docs-1444912b,cxpak,"Documentation, Knowledge & Learning",,https://github.com/Barnett-Studios/cxpak,Barnett Studios,https://github.com/Barnett-Studios,TRUE,,,"A code-intelligence Claude Code plugin and MCP server (Rust, single binary, 43 languages) that builds a typed dependency graph and packs token-budgeted, annotated context bundles for any task. Exceptionally engineered and security-forward — 2,400+ tests, recorded ADRs, a sandboxed WASM plugin SDK, and cosign-signed, SBOM-attested release images.",FALSE
docs-bb02117c,Librarian,"Documentation, Knowledge & Learning",Obsidian,https://github.com/ngmeyer/librarian-mcp,ngmeyer,https://github.com/ngmeyer,TRUE,,,"A standalone MCP server that gives Claude a markdown second-brain over any Obsidian vault or folder of `.md` files, with trigram search, auto-wikilinks on write, and real graph analytics (Louvain communities, PageRank, shortest-path, D3 visualization). Runs entirely locally with no network calls or telemetry, productionizing the ""LLM wiki"" pattern.",FALSE
docs-096c7963,NotebookLM MCP,"Documentation, Knowledge & Learning",,https://github.com/roomi-fields/notebooklm-mcp,Romain Peyrichou,https://github.com/roomi-fields,TRUE,,,"A mature MCP server (plus a 33-endpoint REST API) that drives Google NotebookLM for citation-backed Q&A and full Studio generation (audio, video, infographics, reports), with multi-account TOTP re-auth. Notably well-maintained and security-attentive — batch-tested on overnight 1,000-question runs, with a documented changelog that includes patching a transitive XSS advisory.",FALSE
docs-9a5742e2,showreel,"Documentation, Knowledge & Learning",,https://github.com/HeyRenan/showreel,HeyRenan,https://github.com/HeyRenan,TRUE,,,"A Claude Code plugin that turns CSS selectors + text into finished visual documentation — annotated screenshots, flow GIFs/MP4s, terminal recordings, and before/after composites — placing every annotation deterministically and pixel-verifying each artifact (PASS/FAIL) before it is saved. Self-contained (bundles its own headless Chromium, no browser MCP, no telemetry); every image in its README is generated by the tool itself.",FALSE
docs-5e43dc2a,Bedrock,"Documentation, Knowledge & Learning",Obsidian,https://github.com/iurykrieger/claude-bedrock,Iury Krieger,https://github.com/iurykrieger,TRUE,,,"A Claude Code plugin that turns an Obsidian vault into a structured second brain via 8 skills, building an entity-typed (actors/people/teams/topics…) Zettelkasten graph with bidirectional wikilinks and ingesting Confluence, Google Docs, GitHub, and docling-supported files. Operates only on local markdown, with conscientious, opt-out error reporting that explicitly never transmits vault content or paths.",FALSE
docs-e20cca04,RAG Learning Academy,"Documentation, Knowledge & Learning",,https://github.com/TakaGoto/rag-learning-academy,Taka Goto,https://github.com/TakaGoto,TRUE,,,"A multi-agent Claude Code learning environment for mastering Retrieval-Augmented Generation, with 20 specialist agents, 22 slash commands, and a 9-module hands-on curriculum that runs zero-config inside Claude Code. Quality is evident — 616 tests, CI, and weekly/monthly content-freshness automation that opens issues for stale material.",FALSE
research-d478f22a,AI Research Skills,"Research & Scientific Inquiry",,https://github.com/WenyuChiou/ai-research-skills,Wenyu Chiou,https://github.com/WenyuChiou,TRUE,,,"A catalog of 15 Claude Code skills mapped to 8 research-workflow stages (literature → gap analysis → design → drafting → reviewer response), where each stage emits an explicit YAML/Markdown deliverable the next stage consumes. Thoughtfully designed around anti-hallucination — schemas force ""gap"" status on unsupported claims, and downstream skills refuse malformed, overconfident handoffs.",FALSE
docs-7f4ffbef,claude-code-android,"Documentation, Knowledge & Learning",,https://github.com/ferrumclaudepilgrim/claude-code-android,ferrumclaudepilgrim,https://github.com/ferrumclaudepilgrim,TRUE,,,"A thorough, device-tested guide and toolkit for running Claude Code natively on Android via three paths (Termux, proot-Ubuntu, and the Android Virtualization Framework), with a verification harness and per-device results. Unusually security-aware for a setup guide — it ships a threat model, an SSRF-guard WebFetch hook, a biometric approval gate, and a permission matrix.",FALSE
docs-de625d15,Bloom,"Documentation, Knowledge & Learning",,https://github.com/Li-Evan/Bloom,Li-Evan,https://github.com/Li-Evan,TRUE,,,"A self-contained Claude Code skill that turns Benjamin Bloom's ""2-sigma"" tutoring research into a personal AI tutor: it generates a structured syllabus, teaches one lesson at a time, and adapts each next lesson to the learner's annotations and feedback. The skill is dependency-free and makes no network calls beyond the configured LLM endpoint (an optional web app is also included).",FALSE
docs-b7833e3e,MDXG Redline,"Documentation, Knowledge & Learning",,https://github.com/oubakiou/mdxg-redline,oubakiou,https://github.com/oubakiou,TRUE,,,"A Claude Code skill plus single-file HTML tool that closes the human-review loop on AI-written docs: a person leaves inline comments in the browser, which export as structured JSON keyed by heading path and line, and the skill polls for that file and applies each comment to the exact lines. Strongly privacy-respecting — the local/CLI build enforces a strict CSP (`connect-src 'none'`), so document text and comments never leave the machine.",FALSE
providers-c9fbc382,llm-router,"Providers, Runtime & Integration Infrastructure",,https://github.com/ypollak2/llm-router,Yali Pollak,https://github.com/ypollak2,TRUE,,,"A local-first router that sits under Claude Code (and Codex/Gemini CLI) and sends each prompt to the cheapest capable model, with three-layer token compression and automatic provider fallback — protecting your premium quota and cutting cost with zero config on a Claude subscription. Credibly engineered: 1,900+ tests, an independent RouterArena benchmark placement, and an honest local-only design with no hosted proxy.",FALSE
providers-e931c3fc,OpenWeb,"Providers, Runtime & Integration Infrastructure",,https://github.com/openweb-org/openweb,openweb-org,https://github.com/openweb-org,TRUE,,,"An agent-native skill that accesses 90+ websites by calling their underlying APIs directly (typed JSON in, JSON out) instead of screenshotting and parsing the DOM, with auth auto-resolved locally from your existing browser session. Security is first-class — every operation is tagged read/write/delete/transact behind permission tiers, SSRF protection runs on each request, and there is no vendor backend or proxy in the request path.",FALSE
providers-859d2086,chrome-cdp-ex,"Providers, Runtime & Integration Infrastructure",,https://github.com/EndeavorYen/chrome-cdp-ex,Endeavor Yen,https://github.com/EndeavorYen,TRUE,,,"A zero-dependency Claude Code skill (68 commands) that connects to your *real* Chrome — logged-in tabs, cookies, live page state — to give the agent a perception layer: layout, visible styles, per-action ""what changed"" evidence, CSS-cascade-to-source tracing, and session replay/Playwright export. Notably rigorous about its own claims, with a dogfood benchmark gate that blocks performance/adoption assertions unless it passes.",FALSE
providers-ca5fc4fa,SPARDA,"Providers, Runtime & Integration Infrastructure",,https://github.com/zyx77550/sparda,Zakaria Gharzouli (Residual Labs),https://github.com/zyx77550,TRUE,,,"Converts a running Express or FastAPI app into an MCP server by AST-parsing its routes and injecting a marked, byte-for-byte-removable `/mcp` router, so the agent can operate your live application (real auth, real data) rather than just read files. Exceptionally safety-minded: writes are disabled by default behind two-phase confirmation, docstrings are sanitized against prompt injection, a circuit-breaker quarantines failing routes, nothing leaves the machine, and persistence stores structure never payloads.",FALSE
providers-a7508a20,Flue,"Providers, Runtime & Integration Infrastructure",,https://github.com/SFKislev/Flue,S.F. Kislev,https://github.com/SFKislev,TRUE,,,"A tiny bridge that lets Claude Code drive desktop software — Photoshop, Premiere, Blender, Unity, InDesign, Office, 13 apps total — by writing one-time scripts against each app's own automation runtime (COM / AppleScript / CEP), instead of MCP servers or fragile screenshot-based computer use. A genuinely novel approach that unlocks the apps' full scripting surfaces (InDesign alone exposes ~28k objects) with low maintenance.",FALSE
providers-faeb63dd,turbowebfetch,"Providers, Runtime & Integration Infrastructure",,https://github.com/aza-ali/turbowebfetch,Mourtaza Ali,https://github.com/aza-ali,FALSE,,,"An MCP server that lets Claude Code fetch JavaScript-rendered pages via real Chrome (up to 14 parallel browsers, zero API keys, fully local), succeeding on SPA docs and sites where the built-in WebFetch returns an empty shell. Responsibly scoped — an explicit ""what this is and isn't"" section rules out paywall circumvention and unauthorized scraping, and it is rate-limited by design.",FALSE
providers-adc49edd,claude-code-wsl2-setup,"Providers, Runtime & Integration Infrastructure",,https://github.com/congmnguyen/claude-code-wsl2-setup,congmnguyen,https://github.com/congmnguyen,TRUE,,,"A focused collection of documented scripts that fix the most painful Claude Code papercuts on WSL2 + Windows Terminal — clipboard screenshot paste via a Go daemon, Windows notifications on Stop/PermissionRequest hooks, LSP wiring, a usage-aware status line, and voice-mode audio routing. Each fix is written up with root cause and exact config (including non-obvious traps like SessionEnd firing per subagent), and the work was upstreamed into Awesome-WSL.",FALSE
remote-0efb9b51,Claude Threads,"Remote Control, Notifications & Voice I/O",,https://github.com/anneschuth/claude-threads,Anne Schuth,https://github.com/anneschuth,TRUE,,,"Streams a locally-running Claude Code session live into a Slack or Mattermost thread so a whole team can watch, type, and approve actions together — ""screen-sharing for AI pair programming, but everyone can type."" Mature and well-maintained (npm-published with CI and coverage), with reaction-based tool approvals, git-worktree isolation, multi-account rotation, and per-thread sessions that survive restarts.",FALSE
remote-48a7628a,ai-agent-notifier,"Remote Control, Notifications & Voice I/O",,https://github.com/DevinoSolutions/ai-agent-notifier,Amin Dhouib (Devino Solutions),https://github.com/DevinoSolutions,TRUE,,,"A zero-dependency, cross-platform notifier that fires a desktop toast and a free phone push (via ntfy) the moment Claude Code (or Codex/Cursor/Gemini) finishes a task or needs input, wired up by a one-command setup. The standout among notifiers is its testing rigor — CI drives the *real* agent CLIs end to end and asserts real ntfy round-trips and real OS toast delivery, no mocks.",FALSE
remote-eb7e64b8,Telegram-Claude (tg-claude),"Remote Control, Notifications & Voice I/O",,https://github.com/Imolatte/tg-claude,Imolatte,https://github.com/Imolatte,TRUE,,,"A feature-rich Telegram bot that turns your machine into a remote Claude Code terminal driven from your phone: streaming tool progress, voice input, a git panel, Mac remote control, and 30+ commands. Its standout is the approval flow — dangerous-op Approve/Deny taps are injected straight into the real terminal prompt via `tmux send-keys`, so you authorize from your phone without killing the session or losing context.",FALSE
remote-080f647d,dictate,"Remote Control, Notifications & Voice I/O",,https://github.com/vimalk78/dictate,Vimal Kumar,https://github.com/vimalk78,TRUE,,,"Local, offline voice-to-text for Claude Code on Linux built on faster-whisper, with a warm daemon for instant transcription, system-wide push-to-talk, a voice-enabled editor, and per-project vocabulary hints that fix technical terms (""Claude"" not ""cloud""). Fully private — no cloud, no API keys, with thoughtful touches like mic-health monitoring and the ability to offload transcription to a LAN GPU; hardware-tested down to a Jetson Orin.",FALSE
remote-351e42b7,Lockpaw,"Remote Control, Notifications & Voice I/O",,https://github.com/sorkila/lockpaw,Erik Nielsen,https://github.com/sorkila,TRUE,,,"A native-Swift macOS menu-bar app (10 MB, no Electron) that covers and input-locks your screen with one hotkey while your agents keep running, then makes the locked screen glow when Claude Code pauses for permission or finishes. Polished and well-engineered — CI with 50 tests, signed/notarized builds, an honest ""visual privacy tool, not a security boundary"" disclosure, no analytics, and an idempotent hook installer that backs up and never clobbers foreign hooks.",FALSE
remote-fb29bf0a,WhatsApp Channel Plugin,"Remote Control, Notifications & Voice I/O",,https://github.com/Rich627/whatsapp-claude-plugin,Richie Liu,https://github.com/Rich627,TRUE,,,"Connects WhatsApp as a native Claude Code channel via Baileys linked-device (no bot token or API keys), with bidirectional messaging, full media, voice transcription, remote tool approval, access control, and per-group personalities. Runs entirely locally and was the first community plugin officially reviewed and published on Anthropic's plugin marketplace.",FALSE
clients-df0bcd07,CloudCLI (Claude Code UI),Alternative Clients,,https://github.com/siteboon/claudecodeui,siteboon,https://github.com/siteboon,TRUE,,,"A web and mobile PWA for driving Claude Code (and Cursor/Codex/Gemini) from any device — file explorer, git, integrated shell, and full session management that reads and writes your real `~/.claude` config rather than duplicating it. By far the most-adopted Claude Code UI, with a self-hostable open-source core, an optional Docker microVM sandbox mode, a plugin ecosystem, and tools disabled by default for safety.",FALSE
clients-fae46e7d,Cate,Alternative Clients,,https://github.com/0-AI-UG/cate,0-AI UG,https://github.com/0-AI-UG,TRUE,,,"A cross-platform desktop IDE built on an infinite zoomable canvas, where editors, terminals, browsers, and docs float in freeform space instead of tabs — and ships skills that let Claude Code spawn agent terminals on the canvas, coordinate through canvas notes, and drive browser panels. A genuinely novel UX, well-engineered (CI, e2e tests, context-isolated IPC, scoped filesystem access) and widely adopted.",FALSE
clients-c0e43cbc,Vibeyard,Alternative Clients,,https://github.com/elirantutia/vibeyard,Eliran Tutia,https://github.com/elirantutia,TRUE,,,"A cross-platform desktop IDE that wraps Claude Code sessions with a swarm mode (parallel agents in a grid), a real-time session inspector (cost, tokens, tool-usage, context), multiple isolated Claude profiles, a kanban board, and encrypted P2P session sharing over WebRTC. Signed/notarized, broadly adopted, and built squarely for the multi-agent, multi-session workflow.",FALSE
clients-c8e95e1d,Nimbalyst,Alternative Clients,,https://github.com/nimbalyst/nimbalyst,Greg Hinkle,https://github.com/nimbalyst,TRUE,,,"A visual workspace for building with Claude Code (and Codex) where you and the agent co-edit *visually* — markdown, mockups, mermaid, Excalidraw, CSV, and data models — approving the agent's changes as red/green WYSIWYG diffs, with session/task kanban, worktrees, an extension SDK, and a native iOS companion app. A distinctive higher-bandwidth take on agent collaboration, open source with transparent, opt-out telemetry.",FALSE
clients-c1163b9a,FlyCrys,Alternative Clients,,https://github.com/SergKam/FlyCrys,Sergii Kamenskyi,https://github.com/SergKam,TRUE,,,"A native Linux GUI for Claude Code agents built in Rust + GTK4 — single binary, no Electron, starts in under a second — with a file tree, syntax-highlighted viewer, markdown preview, embedded VTE4 terminal, streaming agent chat, workspace tabs, and tool-restricted agent profiles. Fills a real gap as essentially the only native (non-webview) Linux desktop client, using your own Claude Code CLI with no proxy.",FALSE
clients-19a8db20,Sidekick for Max,Alternative Clients,,https://github.com/cesarandreslopez/sidekick-for-claude-max,César Andrés López,https://github.com/cesarandreslopez,TRUE,,,"A VS Code extension and standalone terminal dashboard that adds visibility and AI conveniences on top of your Claude Max subscription — inline completions, code transforms, AI commit messages, plus deep session observability (token-burn, a 13-week quota heatmap, multi-account management, cross-session search, and asset extraction). Mature and well-maintained (CI, published to the marketplace and npm, extensive docs).",FALSE
statusline-e76700a6,claude-statusbar,Status Lines,,https://github.com/leeguooooo/claude-code-usage-bar,leeguooooo,https://github.com/leeguooooo,TRUE,,,"The most complete Claude Code status line: 5-hour and 7-day rate-limit usage with reset countdowns and *learned* end-of-window projections, context window, prompt-cache-expiry countdown, per-session cost, plus live todo/tool/git activity — across 3 styles and 9 themes, configurable by CLI or natural-language skill. Genuinely well-engineered (PyPI, 320+ tests, a sub-1%-CPU daemon, deep docs) and the clear standout of a very crowded field.",FALSE
statusline-97c5870b,claude-code-personalities,Status Lines,,https://github.com/kumamaki/Claude-Code-Personalities,kumamaki,https://github.com/kumamaki,TRUE,,,"A delightfully different status line: 30+ kaomoji text-faces that react in real time to what Claude is doing — context-aware personas by file type, and a frustration-escalation system where mounting errors progress from `( ദ്ദി ˙ᗜ˙ )` toward a table-flip `(╯°□°)╯︵ ┻━┻`. Pure Rust with sub-2ms rendering, a single binary, hook-based activity tracking, and an interactive config TUI — the standout creative pick in a sea of metrics bars.",FALSE
design-5413a10c,Dev Browser,Design & UI/UX,,https://github.com/SawyerHood/dev-browser,Sawyer Hood,https://github.com/SawyerHood,TRUE,,,"A browser-automation plugin/skill that lets Claude Code drive a browser to test and verify its own work — full Playwright API plus pixel- and DOM-level computer-use toolsets, connecting to your running Chrome or a fresh Chromium. Notably secure and fast: scripts execute inside a QuickJS WASM sandbox with no host filesystem or network access, and a published benchmark shows it beating Playwright MCP on time, cost, and turns.",FALSE
design-f067f63d,StyleSeed,Design & UI/UX,,https://github.com/bitjaru/styleseed,kiwiman,https://github.com/bitjaru,TRUE,,,"A design engine that takes a different tack from ""feed the model more tokens"": it teaches design *judgment* — ~74 rules pros carry but never write down (""the refined black isn't #000, it's #2A2A2A""; ""one accent color, everything else grayscale"") — as plain markdown the agent reads automatically, plus a brand-agnostic skin system, a named motion vocabulary, and `/ss-*` review skills. Widely adopted and demonstrably effective (a live demo morphs one UI across Toss/Raycast/Arc via a single attribute).",FALSE
design-4f86f474,UI Craft,Design & UI/UX,,https://github.com/educlopez/ui-craft,Eduardo Calvo,https://github.com/educlopez,TRUE,,,"A deep design-engineering skill that makes agents ""design like they have taste"" by default, layered so you can just install it, drive it with 22 single-lens commands, or wire its deterministic MCP gates and CLI into CI. Its signature is a *scoreable, defensible* critique — Nielsen's heuristics × classic design laws × persona walkthroughs, every finding tagged by business impact — backed by anti-slop rules, outcome recipes, accessibility-first review, and 31 domain references.",FALSE
design-58290472,Snip,Design & UI/UX,,https://github.com/rixinhahaha/snip,rixinhahaha,https://github.com/rixinhahaha,TRUE,,,"A visual whiteboard between you and your agent: Claude renders diagrams, HTML, or UI components through Snip instead of describing them in text, you approve or annotate directly on the output (circle, arrow, note), and the agent gets structured feedback and iterates. Works via CLI or MCP, doubles as a full local screenshot/annotation app with on-device AI organization (Ollama), and adds a genuine human-in-the-loop visual review step to Claude Code.",FALSE
writing-a66ab760,Avoid AI Writing,Writing & Prose Quality,,https://github.com/conorbronsdon/avoid-ai-writing,Conor Bronsdon,https://github.com/conorbronsdon,TRUE,,,"A portable writing skill that audits and rewrites prose to remove ""AI-isms"" — 49+ pattern categories and a tiered word-replacement vocabulary, with detect / rewrite / edit-in-place modes, content-type and voice profiles, and a two-pass re-check. Stands well above the crowded de-slop field: it ships a deterministic, zero-dependency detector engine (the single source of its 0–100 score) with CI tests, and frames itself honestly as a writing-quality tool, not a detector-evasion gimmick.",FALSE
writing-63174bbb,naming,Writing & Prose Quality,,https://github.com/glacierphonk/naming,GlacierPhonk,https://github.com/glacierphonk,TRUE,,,"A Claude Code skill for naming products, SaaS tools, brands, and projects via a structured metaphor-driven process — naming brief, metaphor exploration, candidate generation, anti-slop filtering, a weighted evaluation rubric, and availability checks for domains/handles/package names. A genuinely different (and creative) take that produces names grounded in meaning instead of the random tech-syllable mush an unguided model reaches for.",FALSE
media-ac1f16dd,capcut-cli,Creative Media,,https://github.com/renezander030/capcut-cli,René Zander,https://github.com/renezander030,TRUE,,,"A zero-dependency Node CLI (and Claude Code plugin/skill) that lets the agent edit CapCut / JianYing video projects programmatically — inspect timelines, build drafts, add text/audio, word-level captions and Whisper transcription, templates, and cut long-form into shorts — JSON in, JSON out, no server. Deeply mature for a media tool: 205 tests across macOS/Windows/Linux CI, a huge documented command surface, and a deliberately stateless ""the CLI is the protocol"" design.",FALSE
media-9e195021,motion-skills,Creative Media,,https://github.com/iart-ai/motion-skills,iart.ai,https://github.com/iart-ai,TRUE,,,"An open-source collection of ~50 motion-graphics, animation, and video skills across 14 installable packs — kinetic typography, data-driven charts, explainers, TikTok/Reels, web/WebGL animation, and Manim math animation — that teach an agent how a professional would build each piece. Every visual skill ships a deliver-and-verify loop (render a frame → screenshot → check) plus a small verify toolkit, so the agent inspects its own output instead of guessing at timing and framing.",FALSE
devops-2e80faa4,terraform-skill,Infrastructure & DevOps,,https://github.com/antonbabenko/terraform-skill,Anton Babenko,https://github.com/antonbabenko,TRUE,,,"A best-practices skill that teaches the agent to write safer Terraform and OpenTofu through a diagnose-first workflow, failure-mode routing, LLM-mistake checklists, and a feature-version guard table mapping features to their version floor and common errors — covering testing, modules, remote state, CI/CD, and security scanning across AWS/Azure/GCP. From an AWS Hero behind the terraform-aws-modules ecosystem, and the most authoritative, most-adopted IaC resource in the set.",FALSE
devops-5e873152,otelcol-doctor,Infrastructure & DevOps,,https://github.com/s3onghyun/otelcol-doctor,s3onghyun,https://github.com/s3onghyun,TRUE,,,"A focused, vendor-neutral skill that writes, fixes, and *validates* OpenTelemetry Collector configs — encoding the Collector's real footguns (memory_limiter/batch ordering, core-vs-contrib components, pull-vs-push exporters, deprecated exporters, pipelines that validate but were never wired) as an authoring workflow and diagnosis checklist. Its standout is honesty plus a verification loop: it always finishes by running `otelcol validate` and ships CI-checked before/after example configs rather than handing back an unverified file.",FALSE
statusline-fbcaff99,claudinho,Status Lines,,https://github.com/arturogarrido/claudinho,Arturo Garrido,https://github.com/arturogarrido,TRUE,2026-06-29:21-22-44,2026-06-29:21-22-44,"2026 World Cup live scores in your terminal, Claude Code statusline & MCP. No API keys.",FALSE
security-e30f8dee,SkillSpector,Security,,https://github.com/NVIDIA/SkillSpector,NVIDIA,https://github.com/NVIDIA,TRUE,2026-06-29:21-40-07,2026-06-29:21-40-07,"Security scanner for AI agent skills. Detect vulnerabilities, malicious patterns, and security risks.",FALSE
security-c5779184,aicontainer,Security,,https://github.com/stefanoginella/aicontainer,stefanoginella,https://github.com/stefanoginella,TRUE,2026-06-29:21-47-23,2026-06-29:21-47-23,"Sandboxed devcontainer for running Claude Code, Codex, and OpenCode in bypass / auto-approve mode.",FALSE
security-773f3698,Node9,Security,,https://github.com/node9-ai/node9-proxy,node9-ai,https://github.com/node9-ai,TRUE,2026-06-29:21-47-23,2026-06-29:21-47-23,"The Execution Security Layer for the Agentic Era. Providing deterministic ""Sudo"" governance and audit logs for autonomous AI agents.",FALSE
security-03f9522a,Claude Code Safety Net,Security,,https://github.com/kenryu42/claude-code-safety-net,kenryu42,https://github.com/kenryu42,TRUE,2026-06-29:21-47-24,2026-06-29:21-47-24,"A coding agent CLI hook that acts as a safety net, catching destructive git and filesystem commands before they execute. Supports Codex, Claude Code, OpenCode, Gemini CLI, Copilot CLI, Kimi Code and Pi.",FALSE
security-7854b32c,machine,Security,,https://github.com/katspaugh/machine,katspaugh,https://github.com/katspaugh,TRUE,2026-06-29:21-47-24,2026-06-29:21-47-24,"One isolated Lima VM per GitHub project — sandboxed Claude Code/Codex, Docker, Node, signed git",FALSE
security-c389917a,SkilLock,Security,,https://github.com/skills-lock/skil-lock,skills-lock,https://github.com/skills-lock,TRUE,2026-06-29:21-47-25,2026-06-29:21-47-25,Pin AI Skill behavior. Block unapproved drift in CI. See exactly what changed in every PR.,FALSE
security-c34dda89,Brood Box,Security,,https://github.com/stacklok/brood-box,stacklok,https://github.com/stacklok,TRUE,2026-06-29:21-47-25,2026-06-29:21-47-25,CLI tool for running coding agents inside hardware-isolated microVMs,FALSE
security-1c39d15e,Claude Code Safety Guard,Security,,https://github.com/inoX-Network/claude-code-safety-guard,inoX-Network,https://github.com/inoX-Network,TRUE,2026-06-29:21-47-25,2026-06-29:21-47-25,3-level override system for Claude Code - prevents destructive system operations. Born from a real incident.,FALSE
security-f333025b,Code on Incus,Security,,https://github.com/mensfeld/code-on-incus,mensfeld,https://github.com/mensfeld,TRUE,2026-06-29:21-47-26,2026-06-29:21-47-26,"Give each AI agent its own isolated machine with root, Docker, and systemd. Active defense detects and stops threats automatically..",FALSE
security-bc3be5ba,compass,Security,,https://github.com/dshakes/compass,dshakes,https://github.com/dshakes,TRUE,2026-06-29:21-47-26,2026-06-29:21-47-26,"Developer-grade Claude Code + Codex configuration: cost-tiered subagents, workflow commands, guardrail hooks, MCP parity, and an installable plugin/marketplace.",FALSE
security-12eeb4ea,Cleat,Security,,https://github.com/cleatdev/cleat,cleatdev,https://github.com/cleatdev,TRUE,2026-06-29:21-47-26,2026-06-29:21-47-26,"Give the agent a cage, not your keys. One-command Docker sandbox for AI coding agents: full autonomous permissions, per-project isolation, your host stays untouched.",FALSE
security-5baab2f2,Agent Guard,Security,,https://github.com/JeongJaeSoon/agent-guard,JeongJaeSoon,https://github.com/JeongJaeSoon,TRUE,2026-06-29:22-06-40,2026-06-29:22-06-40,"Real-time secret-leak guardrails for AI coding agents (Claude Code, Codex), Git hooks, and CI.",FALSE
security-23fd0cb4,authsome,Security,,https://github.com/agentrhq/authsome,agentrhq,https://github.com/agentrhq,TRUE,2026-06-29:22-06-40,2026-06-29:22-06-40,"Credential gateway for AI agents. Log in once via Oauth2 or API Key. Every agent stays authenticated — headless, no SaaS, agents never see your credentials.",FALSE
security-e6e57411,fort,Security,,https://github.com/djadmin/fort,djadmin,https://github.com/djadmin,FALSE,2026-06-29:22-06-40,2026-06-29:22-06-40,"Audit and fix your Mac's security in one command. No agent, no signup, open source.",FALSE
security-ac1f2215,Airut,Security,,https://github.com/airutorg/airut,airutorg,https://github.com/airutorg,TRUE,2026-06-29:22-06-41,2026-06-29:22-06-41,"Airut is a system for running Claude Code tasks from email and Slack. It handles workspace provisioning, container isolation, network sandboxing, session persistence, and cleanup — a secure foundation for autonomous agentic development.",FALSE
security-65848258,GouvernAI,Security,,https://github.com/Myr-Aya/GouvernAI-claude-code-plugin,Myr-Aya,https://github.com/Myr-Aya,TRUE,2026-06-29:22-06-41,2026-06-29:22-06-41,"Runtime guardrails for Claude Code. Auto-approve what's safe, gate what's risky, block what's dangerous. Dual enforcement, full audit trail. MIT.",FALSE
orchestration-10fbc619,Agent Collab Skills,Multi-Agent Orchestration,,https://github.com/WenyuChiou/agent-collab-skills,Wenyu Chiou,https://github.com/WenyuChiou,TRUE,2026-06-29:22-11-02,2026-06-29:22-11-02,"Claude Code marketplace for multi-agent collaboration — task splitter, output reconciler, adversarial debate, shared memory, acceptance gate. Composes with codex-delegate / gemini-delegate.",FALSE
memory-047ad0da,Callimachus,Memory & Context Persistence,,https://github.com/BetaBots-LLC/callimachus,BetaBots-LLC,https://github.com/BetaBots-LLC,TRUE,2026-06-29:22-14-34,2026-06-29:22-14-34,"One local, searchable index of your AI coding-agent history Claude Code, Codex, Cursor, Gemini & more. Keyword + semantic search, MCP server, CLI & VS Code extension.",FALSE
memory-991538fc,MAMA,Memory & Context Persistence,,https://github.com/jungjaehoon-lifegamez/MAMA,jungjaehoon-lifegamez,https://github.com/jungjaehoon-lifegamez,TRUE,2026-06-29:22-14-35,2026-06-29:22-14-35,Always-on companion for Claude that remembers your decisions and their evolution. Local-first memory       using SQLite + transformers.js embeddings.,FALSE
memory-c854a3e1,agentcairn,"Documentation, Knowledge & Learning",Obsidian,https://github.com/ccf/agentcairn,ccf,https://github.com/ccf,TRUE,2026-06-29:22-14-35,2026-06-29:22-14-35,"Long-term, cross-project memory for AI coding agents. Your own Obsidian vault as the source of truth. Daemonless and without opaque databases, your memory belongs to you.",FALSE
memory-bbce6158,fable,Memory & Context Persistence,,https://github.com/grooverLab/fable,grooverLab,https://github.com/grooverLab,TRUE,2026-06-29:22-14-35,2026-06-29:22-14-35,"High-fidelity transcript memory for Claude Code — index every session, recall byte-identical, search, prune, compose. Local-first, stdlib-only, MCP.",FALSE
memory-325fcf97,presence,Memory & Context Persistence,,https://github.com/sara-star-quant/presence,sara-star-quant,https://github.com/sara-star-quant,TRUE,2026-06-29:22-14-36,2026-06-29:22-14-36,"Per-repo memory, outcome telemetry, and a calibrated-confidence gate for Claude Code, with MCP and AGENTS.md projections so other AI coding tools can read its context. Notes survive sessions; success claims need test evidence; your reverts are remembered. Local-only, stdlib runtime.",FALSE
memory-f4e6347a,roampal-core,Memory & Context Persistence,,https://github.com/roampal-ai/roampal-core,roampal-ai,https://github.com/roampal-ai,TRUE,2026-06-29:22-14-36,2026-06-29:22-14-36,"Outcome-based persistent memory MCP server for Claude Code and OpenCode. Good advice promoted, bad advice demoted. pip install roampal.",FALSE
memory-a25b0476,Hivemind,Memory & Context Persistence,,https://github.com/activeloopai/hivemind,activeloopai,https://github.com/activeloopai,TRUE,2026-06-29:22-14-36,2026-06-29:22-14-36,Hivemind turns your traces into reusable skills across agents,FALSE
memory-b0dad9a7,Claude Mnemonic,Memory & Context Persistence,,https://github.com/lukaszraczylo/claude-mnemonic,lukaszraczylo,https://github.com/lukaszraczylo,TRUE,2026-06-29:22-14-37,2026-06-29:22-14-37,Memory management and retrieval for Claude Code,FALSE
memory-485252b0,capy,Memory & Context Persistence,,https://github.com/serpro69/capy,serpro69,https://github.com/serpro69,TRUE,2026-06-29:22-14-37,2026-06-29:22-14-37,🦫 Privacy-first virtualization layer for LLM context with MCP protocol for tool access.,FALSE
memory-9f34567a,Selvedge,Memory & Context Persistence,,https://github.com/masondelan/selvedge,masondelan,https://github.com/masondelan,TRUE,2026-06-29:22-14-37,2026-06-29:22-14-37,"Long-term memory for AI-coded codebases. A git blame for AI agents — but for the why. MCP server that captures the agent's reasoning live, in context, as each change is made. Local SQLite, zero deps.",FALSE
remote-92d247e6,VoiceMode,"Remote Control, Notifications & Voice I/O",,https://github.com/mbailey/voicemode,mbailey,https://github.com/mbailey,FALSE,2026-06-29:22-22-17,2026-06-29:22-22-17,"An MCP server for natural voice conversations with Claude Code, working with any OpenAI-compatible speech service (local Whisper/Kokoro or cloud).",FALSE
remote-01cb6ca3,stt-mcp-server-linux,"Remote Control, Notifications & Voice I/O",,https://github.com/marcindulak/stt-mcp-server-linux,marcindulak,https://github.com/marcindulak,FALSE,2026-06-29:22-22-17,2026-06-29:22-22-17,"A local, push-to-talk speech-to-text MCP server for Linux — runs in Docker with no external API; works with Claude Code and other tmux-based agents.",FALSE
start-294bad98,Claude Code Tips,Start Here,,https://github.com/ykdojo/claude-code-tips,ykdojo,https://github.com/ykdojo,FALSE,2026-06-29:22-24-58,2026-06-29:22-24-58,"40+ tips for getting the most out of Claude Code, from basics to advanced — plus a custom status line and the dx plugin of everyday dev-workflow skills.",FALSE
start-b303ce5d,Claude Code Ultimate Guide,Start Here,,https://github.com/FlorianBruniaux/claude-code-ultimate-guide,FlorianBruniaux,https://github.com/FlorianBruniaux,FALSE,2026-06-29:22-24-58,2026-06-29:22-24-58,"A comprehensive Claude Code guide covering agentic workflows, hooks, skills, MCP servers, quizzes, and production-ready templates.",FALSE
usage-b1704e05,Claumon,Observability & Monitoring,Usage & Cost,https://github.com/fabioconcina/claumon,fabioconcina,https://github.com/fabioconcina,TRUE,2026-06-29:22-31-35,2026-06-29:22-31-35,"Claude Code dashboard for Pro/Max users: live rate-limit gauges, calibrated usage forecasts, session costs, memory browser. Single binary, zero config.",FALSE
usage-467dc399,ccvitals,Observability & Monitoring,Usage & Cost,https://github.com/educlopez/ccvitals,educlopez,https://github.com/educlopez,TRUE,2026-06-29:22-31-37,2026-06-29:22-31-37,"The prettiest statusline for Claude Code — pure bash, never blocks your prompt. Usage quota, context window, git status & more.",FALSE
usage-de33b6b5,toktrack,Observability & Monitoring,Usage & Cost,https://github.com/mag123c/toktrack,mag123c,https://github.com/mag123c,TRUE,2026-06-29:22-31-37,2026-06-29:22-31-37,Ultra-fast token & cost tracker for LLM Token Usage (e.g. Claude Code),FALSE
usage-dd4cfb76,cc-probeline,Observability & Monitoring,Usage & Cost,https://github.com/labzink/cc-probeline,labzink,https://github.com/labzink,TRUE,2026-06-29:22-31-38,2026-06-29:22-31-38,"See where it leaks, stop paying for it — a live Claude Code status line that prices every turn, your subagents, cache rebuilds, plus limits, context and git.",FALSE
usage-e834d814,claude-code-status-bar,Observability & Monitoring,Usage & Cost,https://github.com/briansmith80/claude-code-status-bar,briansmith80,https://github.com/briansmith80,TRUE,2026-06-29:22-31-39,2026-06-29:22-31-39,"Configurable status bar for Claude Code: usage limits with pacing markers, context window, git state, live activity, session cost, and 8 colour themes. Pure bash, zero dependencies.",FALSE
usage-681a226d,cc-costline,Observability & Monitoring,Usage & Cost,https://github.com/Ventuss-OvO/cc-costline,Ventuss-OvO,https://github.com/Ventuss-OvO,TRUE,2026-06-29:22-31-40,2026-06-29:22-31-40,Enhanced statusline for Claude Code — see your 7d/30d spend at a glance,FALSE
usage-6c603602,CCDash,Observability & Monitoring,Usage & Cost,https://github.com/zihenghe04/CCDash,zihenghe04,https://github.com/zihenghe04,TRUE,2026-06-29:22-31-40,2026-06-29:22-31-40,"Open-source unified usage dashboard for Claude — track tokens, quota, costs across Claude Code, claude.ai & API in one panel. 开源 Claude 全平台用量监控面板，聚合 Claude Code / claude.ai / API 数据，适用于 Pro/Max 订阅用户与开发者。https://dyp23yngrtumg.ok.kimi.link",FALSE
usage-6d11a1e8,Pacer,Observability & Monitoring,Usage & Cost,https://github.com/EricAndrechek/Pacer,EricAndrechek,https://github.com/EricAndrechek,TRUE,2026-06-29:22-31-41,2026-06-29:22-31-41,"Native macOS app for tracking Claude Code usage — tokens, cost, rate-limit pacing, per-project breakdowns. SwiftUI + SwiftData.",FALSE
usage-bc811412,AgentWatch,Observability & Monitoring,Usage & Cost,https://github.com/mishanefedov/agentwatch,mishanefedov,https://github.com/mishanefedov,TRUE,2026-06-29:22-31-41,2026-06-29:22-31-41,Local-only observability for AI agents on your machine. One timeline across coding and non-coding agents.,FALSE
usage-1ed2ce17,goccc,Observability & Monitoring,Usage & Cost,https://github.com/backstabslash/goccc,backstabslash,https://github.com/backstabslash,TRUE,2026-06-29:22-31-42,2026-06-29:22-31-42,"Fast, zero-dependency cost calculator and customizable statusline for Claude Code. Breakdowns by model, day, project, and branch. Lightweight, single binary, no runtime needed.",FALSE
lint-2c3c60c2,agnix,Linting,,https://github.com/agent-sh/agnix,agent-sh,https://github.com/agent-sh,TRUE,2026-06-29:22-39-28,2026-06-29:22-39-28,"The linter and LSP for AI coding assistants — validates CLAUDE.md, AGENTS.md, SKILL.md, hooks, and MCP config, with autofixes and IDE plugins.",FALSE
lint-e905d9a0,BlockWatch,Linting,,https://github.com/mennanov/blockwatch,mennanov,https://github.com/mennanov,TRUE,2026-06-29:22-39-28,2026-06-29:22-39-28,"A language-agnostic linter (Rust) that keeps co-dependent code, docs, and config in sync, with a Claude Code plugin skill.",FALSE
lint-58e9008f,Ctxlint,Linting,,https://github.com/ctxlint/Ctxlint,ctxlint,https://github.com/ctxlint,TRUE,2026-06-29:22-42-39,2026-06-29:22-42-39,"A CLI linter for AI agent context files that catches stale references, dead commands, and hardcoded secrets, with a modular tested rule set.",FALSE
lint-dd568226,Schliff,Linting,,https://github.com/Zandereins/schliff,Zandereins,https://github.com/Zandereins,TRUE,2026-06-29:22-42-39,2026-06-29:22-42-39,"Deterministic quality scorer for AI agent instruction files — 8-dimension scoring with security, multi-format (SKILL.md, CLAUDE.md, .cursorrules, AGENTS.md), anti-gaming detection, zero dependencies",FALSE
lint-991ac1b5,agents-md-cookbook,Linting,,https://github.com/Taiizor/agents-md-cookbook,Taiizor,https://github.com/Taiizor,TRUE,2026-06-29:22-42-39,2026-06-29:22-42-39,"The tested, tool-agnostic AGENTS.md kit — verified templates, a CI linter, and migrators from .cursorrules/CLAUDE.md/Copilot/Windsurf/Cline/Aider.",FALSE
lint-70ae9391,Upkeep,Linting,,https://github.com/wei18/Upkeep,wei18,https://github.com/wei18,TRUE,2026-06-29:22-42-40,2026-06-29:22-42-40,Upkeep — an AI audit crew for your repo. Catches docs/spec/asset drift with evidence; output-only. Claude Code plugin/skill + reusable CI workflow.,FALSE
anthropic-10ba7193,Agent Skills,From Anthropic,,https://github.com/anthropics/skills,Anthropic,https://github.com/anthropics,TRUE,2026-06-30:10-45-04,2026-06-30:10-45-04,"Anthropic's official repository for Agent Skills — the SKILL.md format, a skill template, and example skills, the same format Claude Code loads natively.",FALSE
anthropic-3de13b42,Official Plugin Directory,From Anthropic,,https://github.com/anthropics/claude-plugins-official,Anthropic,https://github.com/anthropics,TRUE,2026-06-30:10-45-04,2026-06-30:10-45-04,"Anthropic's official, curated directory of high-quality Claude Code plugins, installable from within Claude Code.",FALSE
anthropic-7773ad41,Claude Code GitHub Action,From Anthropic,,https://github.com/anthropics/claude-code-action,Anthropic,https://github.com/anthropics,TRUE,2026-06-30:10-45-04,2026-06-30:10-45-04,"The official GitHub Action for running Claude Code in CI: mention @claude in issues and pull requests to delegate code changes, reviews, and fixes.",FALSE
anthropic-755b9668,Claude Code Security Review,From Anthropic,,https://github.com/anthropics/claude-code-security-review,Anthropic,https://github.com/anthropics,TRUE,2026-06-30:10-45-04,2026-06-30:10-45-04,An official AI-powered security-review GitHub Action that uses Claude to analyze pull-request diffs for vulnerabilities.,FALSE
anthropic-fb8dc53b,Claude Code Best Practices,From Anthropic,,https://code.claude.com/docs/en/best-practices,Anthropic,https://code.claude.com/docs,TRUE,2026-06-30:10-45-04,2026-06-30:10-45-04,"Anthropic's canonical guide to working effectively with Claude Code: the agentic-loop mental model, CLAUDE.md guidance, and workflow patterns.",FALSE
anthropic-04cf921d,How Claude Code Works,From Anthropic,,https://code.claude.com/docs/en/how-claude-code-works,Anthropic,https://code.claude.com/docs,TRUE,2026-06-30:10-45-04,2026-06-30:10-45-04,"The official conceptual explainer of Claude Code's agentic loop, tools, and context window, and how skills, hooks, and subagents layer on top.",FALSE
anthropic-5780f44a,"Steering Claude Code: Skills, Hooks, Rules, Subagents and More",From Anthropic,,https://claude.com/blog/steering-claude-code-skills-hooks-rules-subagents-and-more,Anthropic,https://claude.com/blog,TRUE,2026-06-30:10-45-04,2026-06-30:10-45-04,"A framework for choosing which extension mechanism to reach for, organized around deterministic-versus-probabilistic control and context isolation.",FALSE
anthropic-deb334f0,Building Effective Agents,From Anthropic,,https://www.anthropic.com/research/building-effective-agents,Anthropic,https://www.anthropic.com,TRUE,2026-06-30:10-45-04,2026-06-30:10-45-04,"Anthropic's foundational taxonomy of agent patterns — prompt chaining, routing, orchestrator-workers, and evaluator-optimizer — and when to use each.",FALSE
anthropic-37ed91c9,How We Built Our Multi-Agent Research System,From Anthropic,,https://www.anthropic.com/engineering/multi-agent-research-system,Anthropic,https://www.anthropic.com,TRUE,2026-06-30:10-45-04,2026-06-30:10-45-04,"A practical account of orchestrator and subagent coordination, prompt design, and evaluation that maps directly to Claude Code's subagents and agent teams.",FALSE
anthropic-42516bb9,Effective Context Engineering for AI Agents,From Anthropic,,https://www.anthropic.com/engineering/effective-context-engineering-for-ai-agents,Anthropic,https://www.anthropic.com,TRUE,2026-06-30:10-45-04,2026-06-30:10-45-04,"Anthropic's guide to curating the context window — compaction, just-in-time retrieval, and note-taking — the discipline underlying effective long-horizon agent use.",FALSE
start-6b313b8f,Claude Code Guide,Start Here,,https://github.com/zebbern/claude-code-guide,zebbern,https://github.com/zebbern,TRUE,2026-06-30:10-45-04,2026-06-30:10-45-04,"A current single-page reference for Claude Code: install, environment variables, slash commands, MCP, hooks, and subagents, kept in sync with the official changelog.",FALSE
start-556ea631,Claude Code Customization: CLAUDE.md vs Skills vs Subagents,Start Here,,https://alexop.dev/posts/claude-code-customization-guide-claudemd-skills-subagents/,Alexander Opalic,https://alexop.dev,FALSE,2026-06-30:10-45-04,2026-06-30:10-45-04,"A practitioner solves one concrete problem four different ways, making the trade-offs between CLAUDE.md, skills, and subagents tangible rather than abstract.",FALSE
start-11fd1acd,How to Build Your Own Claude Code Skill,Start Here,,https://www.freecodecamp.org/news/how-to-build-your-own-claude-code-skill/,Daniel Nwaneri,https://www.freecodecamp.org/news/,FALSE,2026-06-30:10-45-04,2026-06-30:10-45-04,"A hands-on tutorial that teaches the skills mechanism by building a complete skill end to end, including how the description field controls when a skill triggers.",FALSE
start-b143b120,Claude Code Hooks: Complete Guide,Start Here,,https://hidekazu-konishi.com/entry/claude_code_hooks_complete_guide.html,Hidekazu Konishi,https://hidekazu-konishi.com,TRUE,2026-06-30:10-45-04,2026-06-30:10-45-04,"A thorough walkthrough of every hook event, when each fires, the two return channels, common anti-patterns, and copy-ready settings.json examples.",FALSE
start-2fad0803,Writing a Good CLAUDE.md,Start Here,,https://www.humanlayer.dev/blog/writing-a-good-claude-md,HumanLayer,https://www.humanlayer.dev,TRUE,2026-06-30:10-45-04,2026-06-30:10-45-04,"An essay on CLAUDE.md craft: instruction-budget reasoning, progressive disclosure, and the test of whether Claude would err without a given line.",FALSE
docs-afda32a0,cc-thinking-skills,"Documentation, Knowledge & Learning",,https://github.com/tjboudreaux/cc-thinking-skills,tjboudreaux,https://github.com/tjboudreaux,TRUE,2026-06-30:10-45-04,2026-06-30:10-45-04,"A collection of installable thinking-framework skills with a meta-router, notable for publishing a replication-gated evaluation instead of unsupported quality claims.",FALSE
docs-4cf1d4fe,Dive into Claude Code,"Documentation, Knowledge & Learning",,https://github.com/VILA-Lab/Dive-into-Claude-Code,VILA-Lab,https://github.com/VILA-Lab,TRUE,2026-06-30:10-45-04,2026-06-30:10-45-04,A research-lab systematic analysis of the Claude Code codebase whose headline finding — overwhelmingly infrastructure rather than model — reframes Claude Code as a harness.,FALSE
anthropic-b01cf040,Claude Code Cheatsheet,From Anthropic,,https://support.claude.com/en/articles/14553413-claude-code-cheatsheet,Anthropic,https://support.claude.com,TRUE,2026-06-30:13-07-45,2026-06-30:13-07-45,"Anthropic's official Claude Code cheatsheet — a quick reference for the core vocabulary (session, context window, CLAUDE.md), built-in slash commands, and keyboard shortcuts.",FALSE
orchestration-b22ad9f6,gstack,Multi-Agent Orchestration,,https://github.com/garrytan/gstack,Garry Tan,https://github.com/garrytan,TRUE,2026-07-02:18-48-08,2026-07-02:18-48-08,"Garry Tan's (Y Combinator) Claude Code setup and ""open source software factory"" for managing the development lifecycle end-to-end. Includes a set of agents and in-depth skills/tools along with workflows for advancing a product from ideation to production.",FALSE
start-619b3cfc,claude-howto,Start Here,,https://github.com/luongnv89/claude-howto,luongnv89,https://github.com/luongnv89,TRUE,2026-07-02:17-14-33,2026-07-02:17-14-33,"A structured, chapter-based getting-started guide for Claude Code with a self-assessment quiz and a ten-module progressive learning path — slash commands, memory, skills, subagents, MCP, hooks, plugins, and checkpoints — with visual diagrams and copy-paste templates.",FALSE
start-2d9ee745,Claude Code: Everything You Need to Know,Start Here,,https://github.com/wesammustafa/Claude-Code-Everything-You-Need-to-Know,wesammustafa,https://github.com/wesammustafa,TRUE,2026-07-02:17-14-33,2026-07-02:17-14-33,"A conceptual, mental-models-first primer that explains what Claude Code is and how its agentic loop works, then layers setup, prompt-engineering workflows, skills, hooks, MCP, subagents, and agent teams, with an experience-tiered path for newcomers.",FALSE
start-efcfa77a,explore-claude-code,Start Here,,https://github.com/LukeRenton/explore-claude-code,Luke Renton,https://github.com/LukeRenton,TRUE,2026-07-02:17-14-33,2026-07-02:17-14-33,"An interactive click-through of an annotated Claude Code project where every file and folder — CLAUDE.md, settings.json, rules, commands, skills, agents, hooks, plugins, and .mcp.json — is a real, explained concept, teaching the tool's surface area by orientation rather than prose.",FALSE
start-b6773085,andrej-karpathy-skills,Start Here,,https://github.com/multica-ai/andrej-karpathy-skills,multica-ai,https://github.com/multica-ai,TRUE,2026-07-02:17-14-33,2026-07-02:17-14-33,"A drop-in CLAUDE.md distilling four behavioral guidelines for LLM-assisted coding into Claude Code — a low-friction quick win. Karpathy-inspired, derived from Andrej Karpathy's public notes on LLM coding pitfalls and authored by multica-ai.",FALSE
start-dd219ead,claude-code-best-practice,Start Here,,https://github.com/shanraisshan/claude-code-best-practice,Shayan Rais,https://github.com/shanraisshan,FALSE,2026-07-02:17-18-11,2026-07-02:17-18-11,"A comprehensive, actively maintained best-practices handbook for Claude Code — from vibe coding to agentic engineering — pairing a Day-0/Day-1 tutorial on-ramp with well-sourced reference docs on subagents, commands, skills, hooks, MCP, settings, memory, statuslines, and checkpointing, each citing the official documentation.",FALSE
skill-64ab28b2,fable-mode,Skills,,https://github.com/mrtooher/fable-mode,mrtooher,https://github.com/mrtooher,TRUE,2026-07-05:12-24-43,,"A Claude skill that activates Fable-style agentic behavior: explicit multi-stage planning, sub-agent delegation, and self-verification.",FALSE
obs-8558599f,Multi-Agent Observability,Observability & Monitoring,Observability,https://github.com/disler/claude-code-hooks-multi-agent-observability,disler,https://github.com/disler,TRUE,2026-07-05:13-04-02,,"A real-time dashboard that captures Claude Code hook events across concurrent agents — tracing every tool call, task handoff, and lifecycle event through a Bun/SQLite/WebSocket/Vue stack, with session tracking and live filtering.",FALSE
obs-f7e72c39,Claude Code Observability Stack,Observability & Monitoring,Observability,https://github.com/ColeMurray/claude-code-otel,Cole Murray,https://github.com/ColeMurray,TRUE,2026-07-05:13-04-02,,"A Dockerized OpenTelemetry-to-Grafana observability stack for Claude Code that implements Anthropic's observability guidance, surfacing session activity, performance, token usage, and cost in prebuilt dashboards.",FALSE
obs-b2349e06,Claude Code Agent Monitor,Observability & Monitoring,Session Monitors,https://github.com/hoangsonww/Claude-Code-Agent-Monitor,hoangsonww,https://github.com/hoangsonww,TRUE,2026-07-05:13-15-51,,"A self-hosted real-time dashboard that monitors Claude Code agent activity via its native hooks — live sessions, subagent orchestration trees, tool-call timelines, and per-session status — keeping data local (loopback-only). Built on Node/Express + React + SQLite, with a companion MCP server, VS Code extension, and desktop app.",FALSE
obs-9bb175c8,agents-observe,Observability & Monitoring,Observability,https://github.com/simple10/agents-observe,Joe Johnston,https://github.com/simple10,TRUE,2026-07-05:13-15-51,,"A real-time Claude Code observability dashboard installed as a plugin: it registers hooks across the full session lifecycle (tool calls, subagent start/stop, task and permission events) and streams them to a local React UI backed by a Dockerized SQLite server, with filtering, parent/subagent hierarchy, full session replay, and per-model token stats.",FALSE
clients-3128d8f9,Claude Overlay,Alternative Clients,,https://github.com/shengyanlin/claude-overlay,shengyanlin,https://github.com/shengyanlin,TRUE,2026-07-12:14-29-17,2026-07-12:14-29-17,"A frameless, always-on-top floating chat window for Claude Code on Windows. It captures every monitor and lets Claude read the screen to answer questions in context, and drives the user's existing claude CLI login through the Agent SDK, with image paste, model switching, live streaming, and a context-usage statusline.",FALSE
media-10ba905d,Vox director skill,Creative Media,,https://github.com/Alisa0808/vox-director,Alisa Qian,https://github.com/Alisa0808,TRUE,2026-07-15:08-07-27,2026-07-15:08-07-27,"Vox Director is an open-source skill that turns a one-line topic into a finished Vox-style paper-collage explainer or ad video. It automates the full pipeline — script, collage keyframes, motion, voice-over, music, and captions — on the Atlas Cloud API plus local ffmpeg, with two human approval gates for the beat map and visual style.",FALSE
1f0e0dc4,claude-obsidian,"Documentation, Knowledge & Learning",Obsidian,https://github.com/AgriciDaniel/claude-obsidian,Agrici Daniel,https://github.com/AgriciDaniel,TRUE,2026-07-19:11-42-57,2026-07-19:11-42-57,"Self-organizing AI second brain for Obsidian + Claude Code. Claude reads any source, links it, and files it into one connected knowledge graph of plain Markdown. Based on Karpathy's LLM Wiki pattern.",FALSE
96f7f633,c9watch,Observability & Monitoring,Session Monitors,https://github.com/minchenlee/c9watch,minchenlee,https://github.com/minchenlee,TRUE,2026-07-19:12-03-49,2026-07-19:12-03-49,"A macOS menu-bar app (and companion JSON CLI, built from one Rust/Tauri binary) that auto-discovers running Claude Code sessions by scanning OS processes and shows live working / needs-attention / idle status, plus session-history search, cost tracking, and PM-style worker orchestration. Rust + Tauri 2 + Svelte 5, with a token-gated mobile web client.",FALSE
32090888,claude-status-bar,Observability & Monitoring,Session Monitors,https://github.com/m1ckc3s/claude-status-bar,mick,https://github.com/m1ckc3s,TRUE,2026-07-19:12-03-49,2026-07-19:12-03-49,"A tiny, hook-driven macOS menu-bar indicator of Claude Code's live turn status — an animated icon while thinking or running a tool, a dot when awaiting permission, and an elapsed-turn timer — aggregated across concurrent CLI, Claude Desktop, and Cursor sessions. Stateless AppKit/Swift app that self-launches on session start and quits when idle.",FALSE
fba2b0f6,Claude Status,Observability & Monitoring,Session Monitors,https://github.com/gmr/claude-status,Gavin M. Roy,https://github.com/gmr,TRUE,2026-07-19:12-03-49,2026-07-19:12-03-49,"A native macOS menu-bar app with desktop widgets showing the live state of every running Claude Code session — active, waiting-for-input, compacting, or idle — across many terminals and IDEs, with one-click focus to any session's exact window, tab, or pane. SwiftUI + AppKit + WidgetKit, driven by a bundled hook plugin with process-tree and JSONL-tail fallbacks.",FALSE
35c59646,claude-control,Observability & Monitoring,Session Monitors,https://github.com/sverrirsig/claude-control,Sverrir Sigurdsson,https://github.com/sverrirsig,TRUE,2026-07-19:12-03-49,2026-07-19:12-03-49,"A native macOS Electron dashboard that auto-discovers running Claude Code CLI sessions and shows live per-session status, git changes, PR checks, and conversation previews across repos and worktrees — and can focus, send input to, approve or reject, kill, or spawn sessions from one place. Electron + Next.js + TypeScript, local-only, via an auto-installed status hook with process-table and JSONL-mtime fallbacks.",FALSE
8f430bbe,cctop,Observability & Monitoring,Session Monitors,https://github.com/stefanprodan/cctop,Stefan Prodan,https://github.com/stefanprodan,TRUE,2026-07-19:12-03-49,2026-07-19:12-03-49,"A live top-style terminal TUI that lists every running Claude Code session with process stats, busy/idle state, context size, model, and git branch, plus a live sub-agent and sub-process tree with open and orphaned ports — reading only the local process table and ~/.claude session and transcript files. Zero-dependency Bun; can signal a runaway session or free orphaned dev-server ports in place.",FALSE
9abaf86c,so-agentbar,Observability & Monitoring,Session Monitors,https://github.com/sotthang/so-agentbar,sotthang,https://github.com/sotthang,TRUE,2026-07-19:12-03-49,2026-07-19:12-03-49,"A native macOS menu-bar app that watches Claude Code and OpenAI Codex CLI session logs in real time and shows each running session's live status, tokens, and cost, with subagent grouping and an optional animated pixel-art view. Swift/SwiftUI + SpriteKit, using FSEvents with incremental JSONL parsing plus multi-provider quota tracking.",FALSE
1b680246,ClaudeBar,Observability & Monitoring,Usage & Cost,https://github.com/tddworks/ClaudeBar,tddworks,https://github.com/tddworks,TRUE,2026-07-19:12-03-49,2026-07-19:12-03-49,"A macOS menu-bar app that surfaces remaining usage quota for Claude, Codex, Gemini, Copilot, and other AI coding providers at a glance, with burn-rate, dollar-balance, and reset-countdown indicators plus a lightweight live-session indicator. Swift 6 with a layered Domain/Infrastructure architecture.",FALSE
2abd5dee,ccusage,Observability & Monitoring,Usage & Cost,https://github.com/ccusage/ccusage,ryoppippi,https://github.com/ryoppippi,TRUE,2026-07-19:12-03-49,2026-07-19:12-03-49,"A zero-install CLI (npx ccusage) that analyzes Claude Code token usage and cost from local JSONL logs — daily, monthly, per-session, and 5-hour-block breakdowns, a live monitoring mode, and per-model cost estimates. Runs entirely locally, with JSON output for scripting.",FALSE
